{"cameraMode":{"drawMode":0,"name":"Shaded","section":"Shading Mode"},"sceneLighting":false,"audioPlay":false,"sceneViewState":{"m_AlwaysRefresh":false,"showFog":true,"showSkybox":false,"showFlares":true,"showImageEffects":true,"showParticleSystems":true,"showVisualEffectGraphs":true,"m_FxEnabled":true},"in2DMode":false,"pivot":{"x":-9.837492942810059,"y":13.842491149902344,"z":63.81148910522461},"rotation":{"x":0.41087210178375246,"y":-0.04236913472414017,"z":0.019119329750537874,"w":0.910507321357727},"size":22.242990493774415,"orthographic":false}