{"cameraMode":{"drawMode":0,"name":"Shaded","section":"Shading Mode"},"sceneLighting":false,"audioPlay":false,"sceneViewState":{"m_AlwaysRefresh":false,"showFog":true,"showSkybox":false,"showFlares":true,"showImageEffects":true,"showParticleSystems":true,"showVisualEffectGraphs":true,"m_FxEnabled":true},"in2DMode":false,"pivot":{"x":1.8182429075241089,"y":4.689755439758301,"z":45.15837860107422},"rotation":{"x":0.2141900360584259,"y":0.03456823527812958,"z":-0.007585104554891586,"w":0.9761505722999573},"size":11.526212692260743,"orthographic":false}