{"cameraMode":{"drawMode":0,"name":"Shaded","section":"Shading Mode"},"sceneLighting":false,"audioPlay":false,"sceneViewState":{"m_AlwaysRefresh":false,"showFog":true,"showSkybox":false,"showFlares":true,"showImageEffects":true,"showParticleSystems":true,"showVisualEffectGraphs":true,"m_FxEnabled":true},"in2DMode":false,"pivot":{"x":-2.500577688217163,"y":-12.786781311035157,"z":125.0687026977539},"rotation":{"x":0.16513147950172425,"y":-0.008876312524080277,"z":0.0014862228417769075,"w":0.9862303733825684},"size":52.385074615478519,"orthographic":false}