{"cameraMode":{"drawMode":0,"name":"Shaded","section":"Shading Mode"},"sceneLighting":false,"audioPlay":false,"sceneViewState":{"m_AlwaysRefresh":false,"showFog":true,"showSkybox":false,"showFlares":true,"showImageEffects":true,"showParticleSystems":true,"showVisualEffectGraphs":true,"m_FxEnabled":true},"in2DMode":false,"pivot":{"x":10.606348037719727,"y":-16.635929107666017,"z":95.25904846191406},"rotation":{"x":0.5068142414093018,"y":0.03231169655919075,"z":-0.019014399498701097,"w":0.8612411618232727},"size":65.42754364013672,"orthographic":false}