{"cameraMode":{"drawMode":0,"name":"Shaded","section":"Shading Mode"},"sceneLighting":false,"audioPlay":false,"sceneViewState":{"m_AlwaysRefresh":false,"showFog":true,"showSkybox":false,"showFlares":true,"showImageEffects":true,"showParticleSystems":true,"showVisualEffectGraphs":true,"m_FxEnabled":true},"in2DMode":false,"pivot":{"x":-42.225486755371097,"y":-6.300000190734863,"z":46.6929931640625},"rotation":{"x":0.9917894005775452,"y":0.0049800691194832329,"z":0.12109901010990143,"w":-0.04078758507966995},"size":112.24075317382813,"orthographic":false}