{"cameraMode":{"drawMode":0,"name":"Shaded","section":"Shading Mode"},"sceneLighting":false,"audioPlay":false,"sceneViewState":{"m_AlwaysRefresh":false,"showFog":true,"showSkybox":false,"showFlares":true,"showImageEffects":true,"showParticleSystems":true,"showVisualEffectGraphs":true,"m_FxEnabled":true},"in2DMode":false,"pivot":{"x":1.4577637910842896,"y":5.235147476196289,"z":79.36507415771485},"rotation":{"x":0.00981802400201559,"y":-0.8543024063110352,"z":0.016146473586559297,"w":0.5194334983825684},"size":11.436525344848633,"orthographic":false}