{"cameraMode":{"drawMode":0,"name":"Shaded","section":"Shading Mode"},"sceneLighting":false,"audioPlay":false,"sceneViewState":{"m_AlwaysRefresh":false,"showFog":true,"showSkybox":false,"showFlares":true,"showImageEffects":true,"showParticleSystems":true,"showVisualEffectGraphs":true,"m_FxEnabled":true},"in2DMode":false,"pivot":{"x":25.112686157226564,"y":0.3665504455566406,"z":248.97332763671876},"rotation":{"x":-0.26793140172958376,"y":-0.08743546158075333,"z":0.024424361065030099,"w":-0.9591522812843323},"size":185.95556640625,"orthographic":false}