{"cameraMode":{"drawMode":0,"name":"Shaded","section":"Shading Mode"},"sceneLighting":true,"audioPlay":false,"sceneViewState":{"m_AlwaysRefresh":false,"showFog":true,"showSkybox":true,"showFlares":true,"showImageEffects":true,"showParticleSystems":true,"showVisualEffectGraphs":true,"m_FxEnabled":true},"in2DMode":false,"pivot":{"x":0.9727498292922974,"y":-30.678987503051759,"z":48.867156982421878},"rotation":{"x":0.21871639788150788,"y":-0.0017563715809956194,"z":0.0003931657411158085,"w":0.9757900238037109},"size":56.976009368896487,"orthographic":false}