{"cameraMode":{"drawMode":0,"name":"Shaded","section":"Shading Mode"},"sceneLighting":true,"audioPlay":false,"sceneViewState":{"m_AlwaysRefresh":false,"showFog":false,"showSkybox":true,"showFlares":true,"showImageEffects":true,"showParticleSystems":true,"showVisualEffectGraphs":true,"m_FxEnabled":true},"in2DMode":false,"pivot":{"x":0.20076751708984376,"y":5.419961452484131,"z":-32.58930206298828},"rotation":{"x":0.008281366899609566,"y":0.6870629787445068,"z":-0.007831545546650887,"w":0.7265094518661499},"size":10.2762451171875,"orthographic":false}