{"cameraMode":{"drawMode":0,"name":"Shaded","section":"Shading Mode"},"sceneLighting":true,"audioPlay":false,"sceneViewState":{"m_AlwaysRefresh":false,"showFog":true,"showSkybox":true,"showFlares":true,"showImageEffects":true,"showParticleSystems":true,"showVisualEffectGraphs":true,"m_FxEnabled":true},"in2DMode":false,"pivot":{"x":5.284439563751221,"y":24.156213760375978,"z":-37.07430648803711},"rotation":{"x":0.05148822441697121,"y":-0.05807489529252052,"z":0.002996531082317233,"w":0.9969820380210877},"size":8.524515151977539,"orthographic":false}