{"cameraMode":{"drawMode":0,"name":"Shaded","section":"Shading Mode"},"sceneLighting":false,"audioPlay":false,"sceneViewState":{"m_AlwaysRefresh":false,"showFog":true,"showSkybox":false,"showFlares":true,"showImageEffects":true,"showParticleSystems":true,"showVisualEffectGraphs":true,"m_FxEnabled":true},"in2DMode":false,"pivot":{"x":-3.0220911502838136,"y":2.765061378479004,"z":56.51909255981445},"rotation":{"x":0.23386003077030183,"y":0.24196186661720277,"z":-0.060212600976228717,"w":0.9397552609443665},"size":28.356552124023439,"orthographic":false}