{"cameraMode":{"drawMode":0,"name":"Shaded","section":"Shading Mode"},"sceneLighting":false,"audioPlay":false,"sceneViewState":{"m_AlwaysRefresh":false,"showFog":true,"showSkybox":false,"showFlares":true,"showImageEffects":true,"showParticleSystems":true,"showVisualEffectGraphs":true,"m_FxEnabled":true},"in2DMode":false,"pivot":{"x":-14.631237030029297,"y":0.7718875408172607,"z":74.85628509521485},"rotation":{"x":0.07596486061811447,"y":-0.7198786735534668,"z":0.07979760318994522,"w":0.6853013038635254},"size":13.357620239257813,"orthographic":false}